"WATER QUALITY DATA OF DRAINS, STPS IN ANDHRA PRADESH MONITORED UNDER NWMP- 2024"
"STN Code","Monitoring Location","Water Body","State Name","Temperature (°C)","Dissolved O2
(mg/L)","pH","Conductivity
(µmho/cm)","BOD (mg/L)","NitrateN +
NitriteN(mg/L)","Fecal Coliform
(MPN/100ml)","Total Coliform
(MPN/100ml)","Fecal
Streptococci
(MPN/100ml)"
"Min","Max","Min","Max","Min","Max","Min","Max","Min","Max","Min","Max","Min","Max","Min","Max","Min","Max"
"2355","TEKI DRAIN AT TALLAREVU,
TALLAREVU (V & M), BEFORE JOINING
CORINGA WILDLIFE SANCTUARY","DRAIN","ANDHRA PRADESH","24","27","3.2","6.2","6.3","8.2","526","11900","1.9","4.4","1.02","5.92","3","11","120","240","",""
"3052","GUNTATHIPPA DRAIN B/C WITH RIVES
CANAL AT RAMAVARAPPADU,
VIJAYAWADA TOWN","DRAIN","ANDHRA PRADESH","26","29","0.3","2.2","7.0","7.8","1246","2210","10.2","18.0","4.29","9.60","210","470","2400","2400","39","93"
"3053","TULIA BAGH DRAIN AT MATLAPALEM
(V), VEMULAVADA (M)","DRAIN","ANDHRA PRADESH","24","27","2.2","6.4","6.8","8.0","527","27500","2.2","4.2","0.71","3.07","3","9","75","150","5","5"
"4369","COLLING WATER BLOW DOWNS
FROM ANDHRA SUGARS LTD.,
KOVVUR, BEFORE JOINING RIVER
GODAVARI","DRAIN","ANDHRA PRADESH","25","28","5.3","7.6","5.9","8.3","217","434","1.9","2.3","0.32","1.18","3","4","39","120","",""
"20004","STP AT
RAJAHMUNDRY","STP","ANDHRA PRADESH","","","5.3","7.3","6.9","7.7","545","1144","8.0","14.0","1.60","11.48","4","11","120","240","",""
""
"WATER QUALITY DATA OF DRAINS IN CHANDIGARH MONITORED UNDER NWMP- 2024"
"STN Code","Monitoring Location","Water Body","State Name","Temperature (°C)","Dissolved O2
(mg/L)","pH","Conductivity
(µmho/cm)","BOD (mg/L)","NitrateN +
NitriteN(mg/L)","Fecal Coliform
(MPN/100ml)","Total Coliform
(MPN/100ml)","Fecal
Streptococci
(MPN/100ml)"
"Min","Max","Min","Max","Min","Max","Min","Max","Min","Max","Min","Max","Min","Max","Min","Max","Min","Max"
"2047","N-CHOE (ATTAWA CHOE),
CHANDIGARH(EXIT POINT)","DRAIN","CHANDIGARH","15","31","2.8","9.6","7.0","7.7","470","806","2.3","26.0","1.90","2.90","1700","26000","7000","94000","",""
"2048","PATIALA KI RAO, CHANDIGARH(EXIT
POINT)","DRAIN","CHANDIGARH","18","30","0.3","3.5","6.8","7.8","511","1490","24.0","976.0","1.90","3.20","33000","310000","170000","5400000","",""
"2049","SUKHNA CHOE, CHANDIGARH(EXIT
POINT)","DRAIN","CHANDIGARH","15","31","0.3","7.8","6.3","7.8","689","984","9.3","200.0","1.70","3.10","7000","94000","17000","170000","",""
""
"WATER QUALITY DATA OF DRAINS & WTPS IN DELHI MONITORED UNDER NWMP- 2024"
"STN Code","Monitoring Location","Water Body","State Name","Temperature (°C)","Dissolved O2
(mg/L)","pH","Conductivity
(µmho/cm)","BOD (mg/L)","NitrateN +
NitriteN(mg/L)","Fecal Coliform
(MPN/100ml)","Total Coliform
(MPN/100ml)","Fecal
Streptococci
(MPN/100ml)"
"Min","Max","Min","Max","Min","Max","Min","Max","Min","Max","Min","Max","Min","Max","Min","Max","Min","Max"
"1377","NAJAFGARH DRAIN AT WAZIRABAD
BEFORE CONF. TO RIV.YAMUNA,
DELHI","DRAIN","DELHI","","","","","6.9","8.3","","","43.0","78.0","","","","","","","",""
"1502","CIVIL MILL DRAIN, DELHI","DRAIN","DELHI","","","","","7.2","7.2","","","42.0","42.0","","","","","","","",""
"1503","POWER HOUSE DRAIN, DELHI","DRAIN","DELHI","","","","","6.9","8.2","","","38.0","83.0","","","","","","","",""
"1504","SEN NURSING HOME DRAIN, DELHI","DRAIN","DELHI","","","","","7.0","7.7","","","35.0","86.0","","","","","","","",""
"1505","BARAPULA DRAIN, DELHI","DRAIN","DELHI","","","","","6.9","8.1","","","38.0","90.0","","","","","","","",""
"1506","SHAHDARA DRAIN, DELHI","DRAIN","DELHI","","","","","6.9","8.2","","","47.0","120.0","","","","","","","",""
"1857","MAHARANI BAGH DRAIN, DELHI","DRAIN","DELHI","","","","","6.8","7.7","","","40.0","80.0","","","","","","","",""
"1858","SARITA VIHAR, DELHI","DRAIN","DELHI","","","","","7.0","7.6","","","30.0","60.0","","","","","","","",""
"STN Code","Monitoring Location","Water Body","State Name","Temperature (°C)","Dissolved O2
(mg/L)","pH","Conductivity
(µmho/cm)","BOD (mg/L)","NitrateN +
NitriteN(mg/L)","Fecal Coliform
(MPN/100ml)","Total Coliform
(MPN/100ml)","Fecal
Streptococci
(MPN/100ml)"
"Min","Max","Min","Max","Min","Max","Min","Max","Min","Max","Min","Max","Min","Max","Min","Max","Min","Max"
"5259","MAGZINE ROAD DRAIN","DRAIN","DELHI","","","","","7.1","7.2","","","12.0","32.0","","","","","","","",""
"5260","SWEEPER COLONY DRAIN","DRAIN","DELHI","","","","","6.9","7.5","","","40.0","72.0","","","","","","","",""
"5261","KHYBER PASS DRAIN","DRAIN","DELHI","","","","","7.0","7.0","","","38.0","38.0","","","","","","","",""
"5262","METCALF HOUSE DRAIN","DRAIN","DELHI","","","","","7.1","7.4","","","22.0","26.0","","","","","","","",""
"5263","ISBT + MORI GATE DRAIN","DRAIN","DELHI","","","","","6.8","7.8","","","39.0","90.0","","","","","","","",""
"5265","SHASTRI PARK DRAIN","DRAIN","DELHI","","","","","7.0","7.9","","","24.0","67.0","","","","","","","",""
"5266","KAILASH NAGAR DRAIN","DRAIN","DELHI","","","","","7.1","7.6","","","35.0","87.0","","","","","","","",""
"5268","ABU FAZAL DRAIN","DRAIN","DELHI","","","","","7.1","7.8","","","38.0","153.0","","","","","","","",""
"5269","JAITPUR DRAIN","DRAIN","DELHI","","","","","7.0","7.7","","","37.0","103.0","","","","","","","",""
"5270","TUGHLAKABAD DRAIN","DRAIN","DELHI","","","","","7.0","7.9","","","36.0","80.0","","","","","","","",""
"5273","OLD AGRA CANAL NEAR KALINDI
KUNJ -SARITA VIHAR PULL","DRAIN","DELHI","","","","","6.8","7.8","","","34.0","110.0","","","","","","","",""
"5275","MOLARBANDH DRAIN","DRAIN","DELHI","","","","","7.4","7.7","","","32.0","48.0","","","","","","","",""
"5276","SONIA VIHAR DRAIN","DRAIN","DELHI","","","","","6.8","8.5","","","33.0","70.0","","","","","","","",""
"3041","WATER WORKS- WAZIRABAD, DELHI","WATER TREATMENT PLANT","DELHI","","","","","7.4","7.9","","","","","0.30","0.58","","","","","",""
"3042","WATER WORKS- SONIA VIHAR, DELHI","WATER TREATMENT PLANT","DELHI","","","","","7.2","7.6","","","","","0.30","0.36","","","","","",""
"3043","WATER WORKS- CHANDRAVAL, DELHI","WATER TREATMENT PLANT","DELHI","","","","","7.4","7.9","","","","","0.30","0.58","","","","","",""
"3044","WATER WORKS- NANGLOI, DELHI","WATER TREATMENT PLANT","DELHI","","","","","7.3","7.7","","","","","0.30","0.34","","","","","",""
"3045","WATER WORKS- HAIDERPUR, DELHI","WATER TREATMENT PLANT","DELHI","","","","","7.3","7.8","","","","","0.30","0.56","","","","","",""
"3046","WATER WORKS- DWARKA, DELHI","WATER TREATMENT PLANT","DELHI","","","","","7.2","7.6","","","","","0.41","0.57","","","","","",""
""
"WATER QUALITY DATA OF STP IN GOA MONITORED UNDER NWMP- 2024"
"STN Code","Monitoring Location","Water Body","State Name","Temperature (°C)","Dissolved O2
(mg/L)","pH","Conductivity
(µmho/cm)","BOD (mg/L)","NitrateN +
NitriteN(mg/L)","Fecal Coliform
(MPN/100ml)","Total Coliform
(MPN/100ml)","Fecal
Streptococci
(MPN/100ml)"
"Min","Max","Min","Max","Min","Max","Min","Max","Min","Max","Min","Max","Min","Max","Min","Max","Min","Max"
"20013","PANAJI STP AT TONCA","STP","GOA","29","29","","","6.9","8.5","","","5.6","15.2","","","79","540","140","920","49","240"
""
"WATER QUALITY DATA OF STP IN GUJARAT MONITORED UNDER NWMP- 2024"
"STN Code","Monitoring Location","Water Body","State Name","Temperature (°C)","Dissolved O2
(mg/L)","pH","Conductivity
(µmho/cm)","BOD (mg/L)","NitrateN +
NitriteN(mg/L)","Fecal Coliform
(MPN/100ml)","Total Coliform
(MPN/100ml)","Fecal
Streptococci
(MPN/100ml)"
"Min","Max","Min","Max","Min","Max","Min","Max","Min","Max","Min","Max","Min","Max","Min","Max","Min","Max"
"20015","AHMEDABAD-1
BENRAMPURAPIRANA ROAD,
AHMEDABAD","STP","GUJARAT","26","32","","","6.8","8.0","","","7.0","45.0","","","170","1600","350","1600","",""
"20016","AHMEDABAD-2 NAROL SARKHEJ
HIGHWAYNR. 35 MLD STP, NAROL-
SARKHEJ HIGHWAY, VASNA
AHMEDABAD","STP","GUJARAT","26","32","","","6.7","7.8","","","12.0","26.0","","","110","1600","350","1600","",""
""
"STN Code","Monitoring Location","Water Body","State Name","Temperature (°C)","Dissolved O2
(mg/L)","pH","Conductivity
(µmho/cm)","BOD (mg/L)","NitrateN +
NitriteN(mg/L)","Fecal Coliform
(MPN/100ml)","Total Coliform
(MPN/100ml)","Fecal
Streptococci
(MPN/100ml)"
"Min","Max","Min","Max","Min","Max","Min","Max","Min","Max","Min","Max","Min","Max","Min","Max","Min","Max"
"WATER QUALITY DATA OF DRAINS & WTPS IN HARYANA MONITORED UNDER NWMP- 2024"
"STN Code","Monitoring Location","Water Body","State Name","Temperature (°C)","Dissolved O2
(mg/L)","pH","Conductivity
(µmho/cm)","BOD (mg/L)","NitrateN +
NitriteN(mg/L)","Fecal Coliform
(MPN/100ml)","Total Coliform
(MPN/100ml)","Fecal
Streptococci
(MPN/100ml)"
"Min","Max","Min","Max","Min","Max","Min","Max","Min","Max","Min","Max","Min","Max","Min","Max","Min","Max"
"4860","RANIA DRAIN MEETING DISCHARGE
OF PHED STP, 6 MLD, RANIA, SIRSA","DRAIN","HARYANA","","","5.6","5.8","7.5","8.1","642","820","6.0","9.0","","","7200","22000","15000","35000","3100","5800"
"3047","WATER WORKS- GURGAON","WATER TREATMENT PLANT","HARYANA","13","34","7.1","7.3","7.1","7.9","1250","1610","1.0","1.0","0.30","0.30","190","270","4800","5600","2","2"
"3048","WATER WORKS- FARIDABAD","WATER TREATMENT PLANT","HARYANA","19","19","","","7.4","7.4","1670","1670","1.0","1.0","0.30","0.30","","","","","",""
"4861","NEAR HUDA/ HSVP WATER WORKS,
BASAI, GURUGRAM","WATER TREATMENT PLANT","HARYANA","13","33","7.5","7.8","7.3","7.7","990","1240","1.0","1.0","0.30","0.30","86","94","2800","3800","2","2"
""
"WATER QUALITY DATA OF DRAINS IN HIMACHAL PRADESH MONITORED UNDER NWMP- 2024"
"STN Code","Monitoring Location","Water Body","State Name","Temperature (°C)","Dissolved O2
(mg/L)","pH","Conductivity
(µmho/cm)","BOD (mg/L)","NitrateN +
NitriteN(mg/L)","Fecal Coliform
(MPN/100ml)","Total Coliform
(MPN/100ml)","Fecal
Streptococci
(MPN/100ml)"
"Min","Max","Min","Max","Min","Max","Min","Max","Min","Max","Min","Max","Min","Max","Min","Max","Min","Max"
"1870","SUKHANA NALLAH AT PARWANOO
NEAR KALKA BARRIER, EXIT POINT OF
H. P.","DRAIN","HIMACHAL PRADESH","8","27","0.3","7.1","6.4","8.2","331","1770","1.0","290.0","2.12","10.14","4","1600","39","1600","2","32"
"3861","SALANI NALLAH NEAR BRIDGE, NH-7,
MOGINAND KALA AMB","DRAIN","HIMACHAL PRADESH","","","6.3","8.0","7.8","8.5","348","616","1.5","3.6","0.66","1.01","49","220","280","840","2","2"
"3863","RAMPUR JATTAN MOGINAND NALA
BEFORE CONFLUENCE TO RIVER
MARKANDA NEAR RADHA SWAMI
SATSANG BHAWAN","DRAIN","HIMACHAL PRADESH","","","4.0","6.1","7.3","8.5","446","1557","2.7","10.0","0.79","1.95","220","42500","920","276000","2","7"
"3865","ROON NALLAH NEAR MEERPUR
KOTLA, GURUDWARA","DRAIN","HIMACHAL PRADESH","","","7.1","8.3","7.3","8.5","337","1134","1.2","3.8","0.60","0.98","27","110","170","540","2","2"
"3867","SARVARI NALLAH BEFORE
CONFLUENCE TO RIVER BEAS","DRAIN","HIMACHAL PRADESH","2","20","7.6","8.1","7.1","8.2","148","260","1.0","1.0","0.32","1.61","32","94","220","430","2","2"
"3868","BARAGRAM NALLAH BEFORE
CONFLUENCE TO RIVER BEAS","DRAIN","HIMACHAL PRADESH","3","18","7.7","8.4","7.0","8.4","56","120","1.0","1.0","0.32","1.36","31","58","140","280","2","2"
"3875","SURAJMUKHI NALLAH U/S WSS
GALAYANA D/S OF SHOOLINI
UNIVERSITY","DRAIN","HIMACHAL PRADESH","7","21","7.2","8.7","7.1","8.6","180","957","1.0","1.3","1.26","19.48","2","13","17","110","2","2"
"3879","BHATIAN NALLAH U/S BHATIAN
VILLAGE, NEAR TVS INDUSTRY,
NALAGARH","DRAIN","HIMACHAL PRADESH","14","26","3.0","5.6","7.2","8.1","475","4080","1.0","80.0","2.43","11.28","7","1600","46","1600","2","11"
"3881","BHATIAN NALLAH D/S SARA TEXTILE,
NALAGARH","DRAIN","HIMACHAL PRADESH","13","29","3.5","6.5","7.3","8.2","948","3890","1.0","6.0","2.35","12.18","2","540","22","1600","2","17"
"4029","TAALO NALA (FROM NAHAR TOWN)
AT KHADDAR KA BAGH B/C TO RIVER
MARKANDA","DRAIN","HIMACHAL PRADESH","","","6.1","7.9","7.7","8.5","341","975","1.0","2.2","0.61","1.44","47","170","280","540","2","2"
"4034","SAHU NALLAH U/S BHURI SINGH SHEP","DRAIN","HIMACHAL PRADESH","10","15","8.5","9.1","7.3","8.1","148","357","1.0","1.8","0.34","2.27","2","430","33","1700","2","2"
"4035","SAHU NALLAH D/S BHURI SINGH SHEP","DRAIN","HIMACHAL PRADESH","10","15","8.0","9.1","7.4","8.0","146","346","1.0","1.7","0.50","4.71","2","540","33","2400","2","2"
"4036","KUNNI PUL, VILL SAMAHU, PO
KUNIHAR, TEHSIL ARKI","DRAIN","HIMACHAL PRADESH","9","22","7.3","8.3","6.0","8.5","350","697","1.0","1.0","1.25","9.00","2","4","22","40","2","2"
"STN Code","Monitoring Location","Water Body","State Name","Temperature (°C)","Dissolved O2
(mg/L)","pH","Conductivity
(µmho/cm)","BOD (mg/L)","NitrateN +
NitriteN(mg/L)","Fecal Coliform
(MPN/100ml)","Total Coliform
(MPN/100ml)","Fecal
Streptococci
(MPN/100ml)"
"Min","Max","Min","Max","Min","Max","Min","Max","Min","Max","Min","Max","Min","Max","Min","Max","Min","Max"
"4425","RAW WATER FOR LWSS OF CHURAT
NALLAH","DRAIN","HIMACHAL PRADESH","6","18","8.0","8.9","7.6","8.3","136","227","1.0","1.0","0.36","1.73","4","220","14","920","2","2"
"4426","RAW WATER FOR LWSS OF JAGROTI
NALLAH","DRAIN","HIMACHAL PRADESH","8","18","7.9","9.1","7.8","8.3","117","393","1.0","1.0","0.44","2.68","5","540","47","1600","2","2"
"4430","LIFT NALLAH BEFORE CONFLUENCE TO
ASHWANI KHAD NEAR DOGRHA
BRIDGE","DRAIN","HIMACHAL PRADESH","10","25","5.1","8.3","7.0","8.2","202","750","2.4","9.8","1.21","4.88","14","920","350","9300","2","47"
"4454","JARANGLA NALLAH U/S WATER
SUPPLY SCHEME","DRAIN","HIMACHAL PRADESH","9","15","8.6","9.2","7.5","8.1","160","465","1.0","2.3","0.30","2.17","2","470","8","1700","2","2"
"4455","KLUIN NALLAH U/S WATER SUPPLY
SCHEME","DRAIN","HIMACHAL PRADESH","9","14","8.5","9.4","7.6","8.0","206","358","1.0","1.9","0.30","3.06","7","240","63","1700","2","2"
"4462","SAINJ NALLAH (U/S SAINJ WATER
SUPPLY SCHEME AT DARGI)","DRAIN","HIMACHAL PRADESH","10","22","7.4","8.2","7.5","8.4","305","784","1.0","1.0","0.32","1.84","5","350","70","1600","2","2"
"4463","DHANESHAR NALLAH (U/S SAINJ
WATER SUPPLY SCHEME) NEAR GYASI
MATA MANDIR","DRAIN","HIMACHAL PRADESH","10","21","7.0","8.2","7.5","8.5","308","791","1.0","1.0","0.32","1.90","2","40","14","1600","2","2"
"4464","ALHI KHAD NEAR INTAKE WSS AT
VILL. NOG","DRAIN","HIMACHAL PRADESH","11","27","8.1","9.2","7.9","8.4","286","530","1.0","1.0","0.32","1.73","26","79","150","350","2","2"
"4466","JARANGLA NALLAH D/S WATER
SUPPLY SCHEME","DRAIN","HIMACHAL PRADESH","9","15","8.5","9.1","7.4","8.3","166","488","1.0","2.1","0.30","2.12","5","310","84","1500","2","2"
"4474","HALOG NALLAH NEAR HALOG WATER
SUPPLY SCHEME","DRAIN","HIMACHAL PRADESH","7","13","9.0","9.8","7.9","8.4","72","267","1.0","1.0","0.32","2.14","7","110","170","1600","2","2"
"4475","MACHADA NALLAH, MAJHOUTI
WATER SUPPLY SCHEME NEAR
NIRATH","DRAIN","HIMACHAL PRADESH","7","14","9.4","9.7","7.9","8.4","71","255","1.0","1.0","0.32","2.14","4","140","70","1600","2","2"
"4476","MANALSU NALLAH NEAR WATER
SUPPLY SCHEME FOR MANALI TOWN","DRAIN","HIMACHAL PRADESH","2","17","7.6","8.9","7.0","8.5","54","234","1.0","1.0","0.32","0.51","27","94","210","430","2","2"
"4477","KHALADA NALLAH NEAR WATER
SUPPLY SCHEME FOR KULLU TOWN","DRAIN","HIMACHAL PRADESH","3","22","6.5","8.3","7.0","8.3","167","292","1.0","1.0","0.34","2.61","34","110","210","540","2","2"
"4480","SURAJMUKHI NALLAH D/S STP AT U/S
OF SHOOLINI UNIVERSITY SAMTI
SOLAN","DRAIN","HIMACHAL PRADESH","6","23","6.8","8.2","7.1","8.5","456","917","1.0","1.6","1.60","18.43","2","11","17","240","2","2"
"4481","HATHLI NALLAH LIFT WATER SUPPLY
SCHEME FOR MUNICIPAL COUNCIL
HAMIRPUR","DRAIN","HIMACHAL PRADESH","10","25","6.8","8.9","7.3","8.3","231","726","1.0","2.8","0.32","3.22","4","920","27","1600","2","2"
"4482","LIFT WATER SUPPLY SCHEME
(PANJARAR) AND BHOTA ROPARI &
UJHAN","DRAIN","HIMACHAL PRADESH","10","23","6.0","8.9","7.4","8.2","218","529","1.0","2.7","0.32","4.44","4","350","32","920","2","2"
"5253","HURLA NALLA D/S HURLA BRIDGE,
VPO HURLA, TEHSIL BHUNTER, DIS.
KULLU","DRAIN","HIMACHAL PRADESH","3","18","7.4","8.1","7.0","8.3","95","214","1.0","1.0","0.32","0.78","38","140","150","540","2","2"
"5257","KALAM NALLA D/S OF MSW
PROCESSING SITE AT CHOWRI, DIST.
CHAMBA","DRAIN","HIMACHAL PRADESH","11","15","0.3","9.1","7.1","8.1","114","421","1.0","1.6","0.30","3.10","5","940","23","1700","2","2"
""
"WATER QUALITY DATA OF DRAINS IN JAMMU & KASHMIR MONITORED UNDER NWMP- 2024"
"STN Code","Monitoring Location","Water Body","State Name","Temperature (°C)","Dissolved O2
(mg/L)","pH","Conductivity
(µmho/cm)","BOD (mg/L)","NitrateN +
NitriteN(mg/L)","Fecal Coliform
(MPN/100ml)","Total Coliform
(MPN/100ml)","Fecal
Streptococci
(MPN/100ml)"
"Min","Max","Min","Max","Min","Max","Min","Max","Min","Max","Min","Max","Min","Max","Min","Max","Min","Max"
"STN Code","Monitoring Location","Water Body","State Name","Temperature (°C)","Dissolved O2
(mg/L)","pH","Conductivity
(µmho/cm)","BOD (mg/L)","NitrateN +
NitriteN(mg/L)","Fecal Coliform
(MPN/100ml)","Total Coliform
(MPN/100ml)","Fecal
Streptococci
(MPN/100ml)"
"Min","Max","Min","Max","Min","Max","Min","Max","Min","Max","Min","Max","Min","Max","Min","Max","Min","Max"
"4082","BAJU NALLAH AT KHOKHYAL NEAR
BARAGE, CONFLUENCE POINT OF
SAHAR-KHAD AND KATHUA CITY
NALLAHS","DRAIN","JAMMU & KASHMIR","14","24","4.9","5.6","7.3","8.1","193","413","1.1","2.5","0.04","1.25","","","","","",""
""
"WATER QUALITY DATA OF DRAINS & STPS IN KERALA MONITORED UNDER NWMP- 2024"
"STN Code","Monitoring Location","Water Body","State Name","Temperature (°C)","Dissolved O2
(mg/L)","pH","Conductivity
(µmho/cm)","BOD (mg/L)","NitrateN +
NitriteN(mg/L)","Fecal Coliform
(MPN/100ml)","Total Coliform
(MPN/100ml)","Fecal
Streptococci
(MPN/100ml)"
"Min","Max","Min","Max","Min","Max","Min","Max","Min","Max","Min","Max","Min","Max","Min","Max","Min","Max"
"5172","NELLIKUNNU BRIDGE AT
NELLIKUNNU, KASARAGOD","DRAIN","KERALA","","","3.0","6.8","6.6","8.1","","","2.2","5.1","","","2","4600","2","2","2","2"
"20017","STP NEAR PAMBA AT
PATHANAMTHITTA KERALA","STP","KERALA","","","","","6.7","9.6","","","22.0","48.0","","","","","","","",""
""
"WATER QUALITY DATA OF DRAINS IN MAHARASHTRA MONITORED UNDER NWMP- 2024"
"STN Code","Monitoring Location","Water Body","State Name","Temperature (°C)","Dissolved O2
(mg/L)","pH","Conductivity
(µmho/cm)","BOD (mg/L)","NitrateN +
NitriteN(mg/L)","Fecal Coliform
(MPN/100ml)","Total Coliform
(MPN/100ml)","Fecal
Streptococci
(MPN/100ml)"
"Min","Max","Min","Max","Min","Max","Min","Max","Min","Max","Min","Max","Min","Max","Min","Max","Min","Max"
"2178","CHIKHALI NALA MEETS GODAVARI
RIVER, VILLAGE- CHIKHALI, TALUKA-
NASHIK, DISTRICT- NASHIK.","DRAIN","MAHARASHTRA","19","25","0.3","4.8","7.1","8.5","485","1642","4.2","60.0","0.30","5.00","4","43","39","540","2","2"
"2782","RABODI NALA, VILLAGE-
RABODI,TALUKA- THANE, DISTRICT-
THANE.","DRAIN","MAHARASHTRA","28","32","0.3","2.4","7.0","7.4","376","591","10.0","120.0","0.30","6.61","460","5400","1700","9200","",""
"2783","COLOUR CHEM NALA, VILLAGE-
MAJIWADA,TALUKA- THANE,
DISTRICT- THANE.","DRAIN","MAHARASHTRA","27","32","0.3","4.8","7.0","8.6","404","989","10.0","85.0","0.30","5.36","340","9200","1200","16000","",""
"2784","SANDOZ NALA, VILLAGE-
SANDOZBAUG,TALUKA- THANE,
DISTRICT- THANE.","DRAIN","MAHARASHTRA","28","32","0.3","4.6","7.2","7.7","519","753","6.0","115.0","0.30","7.44","700","16000","2800","16000","",""
"2785","BPT, NAVAPUR, VILLAGE- NAVAPUR,
TALUKA- PALGHAR, DISTRICT-
PALGHAR.","DRAIN","MAHARASHTRA","26","27","0.3","4.3","7.1","8.4","4125","8335","13.0","160.0","1.52","45.30","2","240","34","920","",""
"2786","TARAPUR MIDC NALA ( NEAR SUMP
1), VILLAGE- MIDC TARAPUR, TALUKA-
PALGHAR, DISTRICT- PALGHAR.","DRAIN","MAHARASHTRA","26","26","0.3","4.9","6.9","8.0","1741","3318","6.0","280.0","2.89","3.40","17","40","46","210","",""
"2787","TARAPUR MIDC NALA ( NEAR SUMP
2), VILLAGE- MIDC TARAPUR, TALUKA
PALGHAR, DISTRICT- PALGHAR.","-DRAIN","MAHARASHTRA","26","27","0.3","1.8","6.9","8.0","1868","3108","52.0","310.0","1.20","2.93","17","49","140","170","",""
"2788","TARAPUR MIDC NALA ( NEAR SUMP
3), VILLAGE- MIDC TARAPUR, TALUKA
PALGHAR, DISTRICT- PALGHAR.","-DRAIN","MAHARASHTRA","26","27","0.3","0.3","6.9","7.9","1844","3142","64.0","290.0","1.30","3.69","7","17","49","70","",""
"2789","NALA AT D/S OF AKLAI MANDIR,
VILLAGE- AKLAI, TALUKA-
MALSHIRAS, DISTRICT- SOLAPUR.","DRAIN","MAHARASHTRA","28","31","5.5","6.0","8.1","8.9","226","965","1.8","12.5","2.19","5.11","40","430","425","1800","4","12"
"STN Code","Monitoring Location","Water Body","State Name","Temperature (°C)","Dissolved O2
(mg/L)","pH","Conductivity
(µmho/cm)","BOD (mg/L)","NitrateN +
NitriteN(mg/L)","Fecal Coliform
(MPN/100ml)","Total Coliform
(MPN/100ml)","Fecal
Streptococci
(MPN/100ml)"
"Min","Max","Min","Max","Min","Max","Min","Max","Min","Max","Min","Max","Min","Max","Min","Max","Min","Max"
"2790","PIMPAL-PANERI NALA AT RATNAGIRI
NEAR FINOLEX INDUSTRIES, VILLAGE-
YAHGANIGAON, TALUKA- RATNAGIRI,
DISTRICT- RATNAGIRI.","DRAIN","MAHARASHTRA","23","30","5.2","7.7","4.1","8.0","310","4928","2.8","3.8","0.30","1.10","6","12","24","58","2","2"
""
"WATER QUALITY DATA OF DRAINS & STPS IN ODISHA MONITORED UNDER NWMP- 2024"
"STN Code","Monitoring Location","Water Body","State Name","Temperature (°C)","Dissolved O2
(mg/L)","pH","Conductivity
(µmho/cm)","BOD (mg/L)","NitrateN +
NitriteN(mg/L)","Fecal Coliform
(MPN/100ml)","Total Coliform
(MPN/100ml)","Fecal
Streptococci
(MPN/100ml)"
"Min","Max","Min","Max","Min","Max","Min","Max","Min","Max","Min","Max","Min","Max","Min","Max","Min","Max"
"3923","GURADIH NALLAH AT PANPOSH","DRAIN","ODISHA","22","34","2.8","7.8","6.6","7.6","310","545","5.0","6.7","0.61","5.73","3300","35000","11000","54000","27","110"
"3934","GANDA NALLAH AT MARTHAPUR","DRAIN","ODISHA","20","29","5.2","9.2","7.3","8.1","168","1057","1.3","2.0","0.43","12.94","130","790","460","2200","",""
"3939","KUNDRA NALLAH AT JODA","DRAIN","ODISHA","19","31","6.0","7.9","7.1","7.9","146","190","1.1","1.8","0.41","0.98","170","2300","460","4900","",""
"20019","STP, PURI AT MANGALAGHAT","STP","ODISHA","","","","","7.1","8.5","","","5.4","98.0","","","2","3300","2","7900","2","2"
"20020","WASTEWATER OF TALCHER","STP","ODISHA","","","","","6.8","8.8","","","48.0","98.0","","","160000","160000","160000","160000","",""
""
"WATER QUALITY DATA OF DRAINS & STPS IN PUNJAB MONITORED UNDER NWMP- 2024"
"STN Code","Monitoring Location","Water Body","State Name","Temperature (°C)","Dissolved O2
(mg/L)","pH","Conductivity
(µmho/cm)","BOD (mg/L)","NitrateN +
NitriteN(mg/L)","Fecal Coliform
(MPN/100ml)","Total Coliform
(MPN/100ml)","Fecal
Streptococci
(MPN/100ml)"
"Min","Max","Min","Max","Min","Max","Min","Max","Min","Max","Min","Max","Min","Max","Min","Max","Min","Max"
"2906","DHANAULA DRAIN FALLING INTO
LASSARA DRAIN NEAR VILL. DHUNAS,
PUNJAB","DRAIN","PUNJAB","10","32","0.3","1.8","7.2","7.9","2275","4021","61.0","129.0","3.00","4.10","84000","120000","210000","350000","",""
"2907","HUDIARA DRAIN AT VILL. DHAHUKE
(WHERE IT ENTERS PAKISTAN),
PUNJAB","DRAIN","PUNJAB","12","29","0.3","0.3","7.1","7.5","1156","1704","48.0","115.0","1.20","3.00","63000","1700000","110000","2000000","",""
"2908","OUTLET OF NADIALA DRAIN INTO
DHAKANSU NALLAH, PUNJAB","DRAIN","PUNJAB","9","43","0.3","1.5","7.0","7.8","975","1910","21.0","71.0","2.70","4.30","2100","70000","94000","280000","",""
"2909","TALLEWAL DRAIN AT BRIDGE
JALWALAN - LOHGARH LINK ROAD","DRAIN","PUNJAB","10","33","0.3","1.6","7.1","7.9","1513","2891","51.0","83.0","2.80","4.60","6300","110000","170000","350000","",""
"2910","BRIDGE ON TUNG DHAB DRAIN,
FATENGARH CHURIAN ROAD,
AMRITSAR","DRAIN","PUNJAB","11","29","0.3","0.3","7.1","7.3","1488","2854","72.0","260.0","1.40","3.40","120000","2200000","280000","2700000","",""
"2914","POINT SOURSE BUDHA NALLAH,
PUNJAB","DRAIN","PUNJAB","17","32","0.3","0.3","7.0","7.7","1254","1875","61.0","175.0","2.80","8.20","700000","3500000","2200000","9200000","",""
"4158","SAGARPARA DRAIN AT VILL SAGRA
DIST, PATIALA","DRAIN","PUNJAB","9","36","0.3","2.1","7.3","8.0","871","1521","19.0","43.0","2.30","3.70","5800","11000","28000","43000","",""
"20021","JALANDHAR","STP","PUNJAB","","","","","7.1","7.5","","","14.0","24.0","","","400","1400","","","",""
"20022","LUDHIANA-1, BHATTIAN","STP","PUNJAB","","","","","6.7","7.5","","","6.0","35.0","","","32","4600","","","",""
"20023","LUDHIANA-2, BALLOKE","STP","PUNJAB","22","29","","","7.1","8.1","","","8.0","35.0","","","210","26000","","","",""
"20024","LUDHIANA-3, JAMALPUR","STP","PUNJAB","","","","","6.5","8.5","","","1.0","120.0","","","2","7000000","2","35000000","2","2"
"20025","PHAGWARA","STP","PUNJAB","","","","","7.2","8.2","","","12.0","24.0","","","330","790","","","",""
"20026","PHILLAUR","STP","PUNJAB","","","","","7.3","11.4","","","6.0","21.0","","","2","790","","","",""
"STN Code","Monitoring Location","Water Body","State Name","Temperature (°C)","Dissolved O2
(mg/L)","pH","Conductivity
(µmho/cm)","BOD (mg/L)","NitrateN +
NitriteN(mg/L)","Fecal Coliform
(MPN/100ml)","Total Coliform
(MPN/100ml)","Fecal
Streptococci
(MPN/100ml)"
"Min","Max","Min","Max","Min","Max","Min","Max","Min","Max","Min","Max","Min","Max","Min","Max","Min","Max"
"20027","KAPURTHALA","STP","PUNJAB","","","","","6.6","7.3","","","16.0","28.0","","","330","6300","","","",""
"20028","SULTANPUR LODHI","STP","PUNJAB","","","","","6.9","7.5","","","32.0","48.0","","","2200","28000","","","",""
""
"WATER QUALITY DATA OF DRAINS & STPS IN TAMIL NADU MONITORED UNDER NWMP- 2024"
"STN Code","Monitoring Location","Water Body","State Name","Temperature (°C)","Dissolved O2
(mg/L)","pH","Conductivity
(µmho/cm)","BOD (mg/L)","NitrateN +
NitriteN(mg/L)","Fecal Coliform
(MPN/100ml)","Total Coliform
(MPN/100ml)","Fecal
Streptococci
(MPN/100ml)"
"Min","Max","Min","Max","Min","Max","Min","Max","Min","Max","Min","Max","Min","Max","Min","Max","Min","Max"
"10047","CHENNAI WATERWAYS AT OTTERI
NULLAH (ORIGIN)","DRAIN","TAMIL NADU","28","33","0.3","1.2","6.3","7.3","1191","2450","16.0","57.0","0.30","14.77","330","1610","1700","14080","",""
"10048","CHENNAI WATERWAYS AT OTTERI
NULLAH (KILPAUK GARDEN)","DRAIN","TAMIL NADU","28","33","0.3","1.3","6.3","7.2","883","1979","14.0","63.0","0.30","9.59","330","1439","2000","14210","",""
"10051","CHENNAI WATERWAYS AT
BUCKINGHAM CANAL X OTTERI
NULLAH CONFLUENCE (GMR VASAVI
INDUSTRIES)","DRAIN","TAMIL NADU","28","34","0.3","1.3","6.7","7.1","1013","1908","7.0","40.0","0.32","8.67","290","2096","1700","15420","",""
"10056","CHENNAI WATERWAYS AT
MAMBALAM DRAIN (GOLF COURSE)","DRAIN","TAMIL NADU","27","32","0.3","0.3","6.4","7.1","829","2020","14.0","49.0","0.30","54.02","120","1247","1200","13280","",""
"20033","CHENNAI-2 PERUNGADI(ZONE-V)","STP","TAMIL NADU","26","26","","","7.0","7.0","","","5.0","5.0","","","134","134","1414","1414","",""
"20038","ERODE-2","STP","TAMIL NADU","25","26","4.6","6.0","7.3","7.8","976","1139","3.2","11.0","0.35","5.35","170","3873","330","7701","",""
"20041","KARUR","STP","TAMIL NADU","26","30","0.3","0.3","7.3","7.3","1418","1778","45.0","68.0","1.42","1.92","18","4000","45","9300","",""
"20042","MAYILADUTHURAI","STP","TAMIL NADU","28","28","3.9","3.9","6.5","6.5","736","736","14.0","14.0","0.62","0.62","921","921","23700","23700","",""
"20044","THANJAVUR","STP","TAMIL NADU","28","28","","","7.7","7.7","1339","1339","44.0","44.0","9.00","9.00","1203","1203","8100","8100","",""
"20045","TIRUNELVELI","STP","TAMIL NADU","26","30","","","7.7","8.8","782","1073","18.0","28.0","","","540","1100","920","3200","",""
"20046","MADURAI","STP","TAMIL NADU","25","27","5.2","5.9","7.4","7.6","1386","1790","6.0","15.0","0.33","1.59","17","179","45","365","",""
"WATER QUALITY DATA OF DRAINS & STPS IN TELANGANA MONITORED UNDER NWMP- 2024"
"STN Code","Monitoring Location","Water Body","State Name","Temperature (°C)","Dissolved O2
(mg/L)","pH","Conductivity
(µmho/cm)","BOD (mg/L)","NitrateN +
NitriteN(mg/L)","Fecal Coliform
(MPN/100ml)","Total Coliform
(MPN/100ml)","Fecal
Streptococci
(MPN/100ml)"
"Min","Max","Min","Max","Min","Max","Min","Max","Min","Max","Min","Max","Min","Max","Min","Max","Min","Max"
"3054","RIVER GODAVARI - OUTLET OF ASH
POND EFFLUENTS OF M/S.NTPC,
RAMAGUNDAM","DRAIN","TELANGANA","25","26","2.8","6.4","8.4","11.4","741","1601","1.0","5.0","0.65","4.64","2","17","21","350","2","2"
"4665","RIVER MANERU (TRIBUTARY OF
GODAVARI) - OUTLET OF KTPP ASH
POND JOINING TO MORANCHA VAGU,
CHELPUR (V), GHANPUR (MULUGU)
(M), , JAYASHANKAR BHUPALAPALLI
DISTRICT","DRAIN","TELANGANA","26","28","4.0","6.1","7.7","8.5","443","943","1.0","3.8","0.30","4.30","2","14","24","110","2","2"
"3055","AMBERPET STP (339 MLD) - OUTLET ,
AMBERPET (V&M), HYDERABAD","STP","TELANGANA","27","28","0.9","5.0","7.0","7.7","1303","1752","2.0","43.0","3.58","3.58","2","14","21","1600","2","2"
"STN Code","Monitoring Location","Water Body","State Name","Temperature (°C)","Dissolved O2
(mg/L)","pH","Conductivity
(µmho/cm)","BOD (mg/L)","NitrateN +
NitriteN(mg/L)","Fecal Coliform
(MPN/100ml)","Total Coliform
(MPN/100ml)","Fecal
Streptococci
(MPN/100ml)"
"Min","Max","Min","Max","Min","Max","Min","Max","Min","Max","Min","Max","Min","Max","Min","Max","Min","Max"
"3056","LANGARHOUSE STP (1.25 MLD) -
OUTLET, GOLCONDA (V&M)
,HYDERABAD","STP","TELANGANA","25","29","3.2","6.0","6.2","8.3","950","1817","7.0","18.0","","","2","11","21","430","",""
"3057","NAGOLE STP (172 MLD)- OUTLET,
NAGOLE,RANGAREDDY","STP","TELANGANA","26","28","3.2","7.7","7.2","7.5","1090","1297","3.0","64.0","","","2","14","27","140","",""
"3058","KHAIRATABAD STP (20 MLD) -
OUTLET, NEAR RAJ NAGAR,
KHARITABAD , HYDERABAD","STP","TELANGANA","26","28","2.1","4.5","6.8","8.2","932","1453","4.0","31.0","","","2","13","48","1600","",""
"3059","SAFILGUDA STP (0.6 MLD) - OUTLET,
SAFILGUDA,MEDCHAL","STP","TELANGANA","26","30","3.4","6.3","7.4","7.7","1372","1752","2.0","22.0","","","2","14","33","1600","",""
"3060","DURGAM STP (5 MLD) - OUTLET,
RAIDURG (V), SERILINGAMPALLY (M),
RANGAREDDY (D)","STP","TELANGANA","26","28","3.4","5.4","7.1","8.5","1030","1604","11.0","29.0","","","2","4","120","1600","",""
"3061","NALLACHERUVU STP (30 MLD) -
OUTLET, UPPAL, RANGAREDDY","STP","TELANGANA","27","28","3.4","5.6","7.1","7.8","1324","1606","11.0","28.0","","","2","13","21","140","",""
"3062","SAROORNAGAR STP (2.5 MLD) -
OUTLET, SAROORNAGAR (V & M),
RANGAREDDY DISTRICT","STP","TELANGANA","25","28","1.3","4.6","6.9","7.6","1212","1639","6.0","22.0","","","2","10","17","1600","",""
""
"WATER QUALITY DATA OF WTP IN UTTAR PRADESH MONITORED UNDER NWMP- 2024"
"STN Code","Monitoring Location","Water Body","State Name","Temperature (°C)","Dissolved O2
(mg/L)","pH","Conductivity
(µmho/cm)","BOD (mg/L)","NitrateN +
NitriteN(mg/L)","Fecal Coliform
(MPN/100ml)","Total Coliform
(MPN/100ml)","Fecal
Streptococci
(MPN/100ml)"
"Min","Max","Min","Max","Min","Max","Min","Max","Min","Max","Min","Max","Min","Max","Min","Max","Min","Max"
"3050","WATER WORKS- GHAZIABAD","WATER TREATMENT PLANT","UTTAR PRADESH","18","28","8.5","11.5","7.2","7.6","168","196","1.0","1.0","0.30","0.30","2","2","2","2","2","2"
